[
  {
    "model": "kitchen.dishtype",
    "pk": 1,
    "fields": {
      "name": "Pasta"
    }
  },
  {
    "model": "kitchen.dishtype",
    "pk": 2,
    "fields": {
      "name": "Pizza"
    }
  },
  {
    "model": "kitchen.dishtype",
    "pk": 3,
    "fields": {
      "name": "Salad"
    }
  },
  {
    "model": "kitchen.dishtype",
    "pk": 4,
    "fields": {
      "name": "Soup"
    }
  },
  {
    "model": "kitchen.dishtype",
    "pk": 5,
    "fields": {
      "name": "Dessert"
    }
  },
  {
    "model": "kitchen.dishtype",
    "pk": 6,
    "fields": {
      "name": "Burger"
    }
  },
  {
    "model": "kitchen.dishtype",
    "pk": 7,
    "fields": {
      "name": "Sandwich"
    }
  },
  {
    "model": "kitchen.dishtype",
    "pk": 8,
    "fields": {
      "name": "Sushi"
    }
  },
  {
    "model": "kitchen.dishtype",
    "pk": 9,
    "fields": {
      "name": "Curry"
    }
  },
  {
    "model": "kitchen.dishtype",
    "pk": 10,
    "fields": {
      "name": "Dumplings"
    }
  },

  {
    "model": "kitchen.cook",
    "pk": 1,
    "fields": {
      "password": "pbkdf2_sha256$320000$6uM28XWOFX6ewyloJzjqmt$L+ZhofPylneoaL2iZS4sZu4ZMUNb4oIevfAdzOMn/eE=",
      "last_login": "2022-08-08T14:14:03Z",
      "is_superuser": true,
      "username": "admin.user",
      "first_name": "Admin",
      "last_name": "User",
      "email": "admin.user@kitchen.com",
      "is_staff": true,
      "is_active": true,
      "date_joined": "2022-08-08T13:58:29Z",
      "hire_date": "1998-09-01",
      "groups": [],
      "user_permissions": []
    }
  },
  {
    "model": "kitchen.cook",
    "pk": 2,
    "fields": {
      "password": "pbkdf2_sha256$320000$73Z1Y57bcoscZ37s9rE9v0$4SEQ0TtXwJKzO5/CRdFSrTifatiPjkZ38gM2H8Kqsdg=",
      "last_login": null,
      "is_superuser": false,
      "username": "joyce.byers",
      "first_name": "Joyce",
      "last_name": "Byers",
      "email": "joyce.byers@kitchen.com",
      "is_staff": false,
      "is_active": true,
      "date_joined": "2022-08-08T14:17:04Z",
      "hire_date": "2001-01-17",
      "groups": [],
      "user_permissions": []
    }
  },
  {
    "model": "kitchen.cook",
    "pk": 3,
    "fields": {
      "password": "pbkdf2_sha256$320000$QtPol3T7x9quBj4BnbnVwW$UwT4kihkRfSvQEWEeuqVKwMgis2ikKVZfJDBcQMvOKY=",
      "last_login": null,
      "is_superuser": false,
      "username": "jim.hopper",
      "first_name": "Jim",
      "last_name": "Hopper",
      "email": "jim.hopper@kitchen.com",
      "is_staff": false,
      "is_active": true,
      "date_joined": "2022-08-08T14:19:09Z",
      "hire_date": "2010-01-17",
      "groups": [],
      "user_permissions": []
    }
  },
  {
    "model": "kitchen.cook",
    "pk": 4,
    "fields": {
      "password": "pbkdf2_sha256$320000$9yU0PLTDKlL02PedUtk2l1$LKjj8O1xGiPGEkDpjsHk87db1iLgt8dgDqECzcsivio",
      "last_login": null,
      "is_superuser": false,
      "username": "jonathan.byers",
      "first_name": "Jonathan",
      "last_name": "Byers",
      "email": "jonathan.byers@kitchen.com",
      "is_staff": false,
      "is_active": true,
      "date_joined": "2022-08-08T14:19:09Z",
      "hire_date": "2015-01-17",
      "groups": [],
      "user_permissions": []
    }
  },
  {
    "model": "kitchen.cook",
    "pk": 5,
    "fields": {
      "password": "pbkdf2_sha256$320000$9yU0PLTDKlL02PedUtk2l1$LKjj8O1xGiPGEkDpjsHk87db1iLgt8dgDqECzcsivio",
      "last_login": null,
      "is_superuser": false,
      "username": "dustin.henderson",
      "first_name": "Dustin",
      "last_name": "Henderson",
      "email": "dustin.henderson@kitchen.com",
      "is_staff": false,
      "is_active": true,
      "date_joined": "2022-08-09T14:19:09Z",
      "hire_date": "2022-12-10",
      "groups": [],
      "user_permissions": []
    }
  },
  {
    "model": "kitchen.cook",
    "pk": 6,
    "fields": {
      "password": "pbkdf2_sha256$320000$9yU0PLTDKlL02PedUtk2l2$LKjj8O1xGiPGEkDpjsHk87db1iLgt8dgDqECzcsivio",
      "last_login": null,
      "is_superuser": false,
      "username": "mike.wheeler",
      "first_name": "Mike",
      "last_name": "Wheeler",
      "email": "mike.wheeler@kitchen.com",
      "is_staff": false,
      "is_active": true,
      "date_joined": "2022-08-09T14:19:09Z",
      "hire_date": "2021-07-05",
      "groups": [],
      "user_permissions": []
    }
  },
  {
    "model": "kitchen.cook",
    "pk": 7,
    "fields": {
      "password": "pbkdf2_sha256$320000$9yU0PLTDKlL02PedUtk2l2$LKjj8O1xGiPGEkDpjsHk87db1iLgt8dgDqECzcsivio",
      "last_login": null,
      "is_superuser": false,
      "username": "lucas.sinclair",
      "first_name": "Lucas",
      "last_name": "Sinclair",
      "email": "lucas.sinclair@kitchen.com",
      "is_staff": false,
      "is_active": true,
      "date_joined": "2022-08-09T14:19:09Z",
      "hire_date": "2016-04-10",
      "groups": [],
      "user_permissions": []
    }
  },

  {
    "model": "kitchen.dish",
    "pk": 1,
    "fields": {
      "name": "Cookie",
      "description": "Tasty cookies",
      "price": 25.5,
      "dish_type": 5,
      "cooks": [1, 2]
    }
  },
  {
    "model": "kitchen.dish",
    "pk": 2,
    "fields": {
      "name": "Beetroot soup",
      "description": "Classical beetroot soup",
      "price": 15.0,
      "dish_type": 4,
      "cooks": [1, 3, 4, 7]
    }
  },
  {
    "model": "kitchen.dish",
    "pk": 3,
    "fields": {
      "name": "Margherita Pizza",
      "description": "Classic Margherita pizza",
      "price": 18.0,
      "dish_type": 2,
      "cooks": [2, 4]
    }
  },
  {
    "model": "kitchen.dish",
    "pk": 4,
    "fields": {
      "name": "Caesar Salad",
      "description": "Fresh Caesar salad",
      "price": 12.5,
      "dish_type": 3,
      "cooks": [3, 5, 6]
    }
  },
  {
    "model": "kitchen.dish",
    "pk": 5,
    "fields": {
      "name": "Spaghetti Bolognese",
      "description": "Classic Spaghetti Bolognese",
      "price": 20.0,
      "dish_type": 1,
      "cooks": [1, 2, 3, 5]
    }
  },
  {
    "model": "kitchen.dish",
    "pk": 6,
    "fields": {
      "name": "Chicken Alfredo",
      "description": "Creamy chicken Alfredo pasta",
      "price": 22.5,
      "dish_type": 1,
      "cooks": [2, 3]
    }
  },
  {
    "model": "kitchen.dish",
    "pk": 7,
    "fields": {
      "name": "Mushroom Risotto",
      "description": "Savory mushroom risotto",
      "price": 16.0,
      "dish_type": 3,
      "cooks": [1, 3, 4, 5, 7]
    }
  },
  {
    "model": "kitchen.dish",
    "pk": 8,
    "fields": {
      "name": "BBQ Chicken Pizza",
      "description": "Barbecue chicken pizza with a crispy crust",
      "price": 19.5,
      "dish_type": 2,
      "cooks": [1, 5, 6]
    }
  },
  {
    "model": "kitchen.dish",
    "pk": 9,
    "fields": {
      "name": "Caprese Salad",
      "description": "Fresh Caprese salad with tomatoes and mozzarella",
      "price": 14.0,
      "dish_type": 3,
      "cooks": [2, 3, 4, 5, 6]
    }
  },
  {
    "model": "kitchen.dish",
    "pk": 10,
    "fields": {
      "name": "Tomato Basil Soup",
      "description": "Classic tomato basil soup",
      "price": 13.5,
      "dish_type": 4,
      "cooks": [1, 2, 3, 5]
    }
  },
  {
    "model": "kitchen.dish",
    "pk": 11,
    "fields": {
      "name": "Classic Cheeseburger",
      "description": "Juicy beef patty with melted cheese on a sesame seed bun",
      "price": 17.5,
      "dish_type": 6,
      "cooks": [1, 4, 5, 7]
    }
  },
  {
    "model": "kitchen.dish",
    "pk": 12,
    "fields": {
      "name": "Club Sandwich",
      "description": "Triple-decker sandwich with turkey, bacon, lettuce, and tomato",
      "price": 14.0,
      "dish_type": 7,
      "cooks": [1, 2, 7]
    }
  },
  {
    "model": "kitchen.dish",
    "pk": 13,
    "fields": {
      "name": "Salmon Nigiri",
      "description": "Fresh salmon on a small bed of seasoned rice",
      "price": 21.0,
      "dish_type": 8,
      "cooks": [2, 3, 6, 7]
    }
  },
  {
    "model": "kitchen.dish",
    "pk": 14,
    "fields": {
      "name": "Chicken Curry",
      "description": "Spicy chicken curry with aromatic spices",
      "price": 18.5,
      "dish_type": 9,
      "cooks": [1, 3, 4]
    }
  },
  {
    "model": "kitchen.dish",
    "pk": 15,
    "fields": {
      "name": "Vegetable Dumplings",
      "description": "Steamed vegetable dumplings with soy dipping sauce",
      "price": 15.0,
      "dish_type": 10,
      "cooks": [1, 2, 4, 5]
    }
  },

  {
    "model": "kitchen.ingredient",
    "pk": 1,
    "fields": {
      "name": "Carrot",
      "dishes": [1, 2, 4]
    }
  },
  {
    "model": "kitchen.ingredient",
    "pk": 2,
    "fields": {
      "name": "Tomato",
      "dishes": [3, 9, 10, 14]
    }
  },
  {
    "model": "kitchen.ingredient",
    "pk": 3,
    "fields": {
      "name": "Cheese",
      "dishes": [3, 8, 11]
    }
  },
  {
    "model": "kitchen.ingredient",
    "pk": 4,
    "fields": {
      "name": "Lettuce",
      "dishes": [12, 14]
    }
  },
  {
    "model": "kitchen.ingredient",
    "pk": 5,
    "fields": {
      "name": "Salmon",
      "dishes": [13, 5, 2]
    }
  },
  {
    "model": "kitchen.ingredient",
    "pk": 6,
    "fields": {
      "name": "Chicken",
      "dishes": [6, 8, 14]
    }
  },
  {
    "model": "kitchen.ingredient",
    "pk": 7,
    "fields": {
      "name": "Mushroom",
      "dishes": [7, 14, 1, 3]
    }
  },
  {
    "model": "kitchen.ingredient",
    "pk": 8,
    "fields": {
      "name": "Bread",
      "dishes": [12, 6, 7, 8]
    }
  },
  {
    "model": "kitchen.ingredient",
    "pk": 9,
    "fields": {
      "name": "Rice",
      "dishes": [13, 5, 9, 10]
    }
  },
  {
    "model": "kitchen.ingredient",
    "pk": 10,
    "fields": {
      "name": "Spaghetti",
      "dishes": [5, 4, 11, 12]
    }
  },
  {
    "model": "kitchen.ingredient",
    "pk": 11,
    "fields": {
      "name": "Bacon",
      "dishes": [12, 1, 2, 3, 4]
    }
  },
  {
    "model": "kitchen.ingredient",
    "pk": 12,
    "fields": {
      "name": "Olive Oil",
      "dishes": [7, 1, 6, 5, 9]
    }
  },
  {
    "model": "kitchen.ingredient",
    "pk": 13,
    "fields": {
      "name": "Dough",
      "dishes": [8, 10, 11, 13]
    }
  },
  {
    "model": "kitchen.ingredient",
    "pk": 14,
    "fields": {
      "name": "Soy Sauce",
      "dishes": [15, 2, 4, 6]
    }
  },
  {
    "model": "kitchen.ingredient",
    "pk": 15,
    "fields": {
      "name": "Cabbage",
      "dishes": [15, 5, 8]
    }
  },
  {
    "model": "kitchen.ingredient",
    "pk": 13,
    "fields": {
      "name": "Garlic",
      "dishes": [7, 2]
    }
  },
  {
    "model": "kitchen.ingredient",
    "pk": 14,
    "fields": {
      "name": "Parmesan",
      "dishes": [8, 7, 9, 14]
    }
  },
  {
    "model": "kitchen.ingredient",
    "pk": 15,
    "fields": {
      "name": "Pasta",
      "dishes": [8, 1, 9]
    }
  },
  {
    "model": "kitchen.ingredient",
    "pk": 16,
    "fields": {
      "name": "Avocado",
      "dishes": [9, 5, 3]
    }
  },
  {
    "model": "kitchen.ingredient",
    "pk": 17,
    "fields": {
      "name": "Sesame Oil",
      "dishes": [10]
    }
  },
  {
    "model": "kitchen.ingredient",
    "pk": 18,
    "fields": {
      "name": "Ground Beef",
      "dishes": [11]
    }
  },
  {
    "model": "kitchen.ingredient",
    "pk": 19,
    "fields": {
      "name": "Turkey",
      "dishes": [11, 12]
    }
  },
  {
    "model": "kitchen.ingredient",
    "pk": 20,
    "fields": {
      "name": "Black Olives",
      "dishes": [1, 6, 8]
    }
  },
  {
    "model": "kitchen.ingredient",
    "pk": 21,
    "fields": {
      "name": "Asparagus",
      "dishes": [4, 5, 7]
    }
  },
  {
    "model": "kitchen.ingredient",
    "pk": 22,
    "fields": {
      "name": "Sour Cream",
      "dishes": [9, 10, 11]
    }
  }
]
